Workbook

Sheet 说明
A1: 使用说明
A2: 1) 将本模板文件与历年工作簿放在同一文件夹下。
A3: 2) 历年工作簿文件命名要求：AQ_2020.xlsx、AQ_2021.xlsx、AQ_2022.xlsx、AQ_2023.xlsx、AQ_2024.xlsx。
A4: 3) 各年度工作簿需包含名为 ‘原始数据’ 的工作表，列结构如下：
A5: A列: 银行; B列: 贷款总额; C列: 逾期; D列: 不良; E列: 关注; F列: 新发生不良。
A6: 4) 打开本模板时，Excel会自动链接上述年度文件并填充 ‘汇总’ 工作表。
A7: 5) ‘汇总’ 中的银行清单与各项数据将自动联动；‘趋势’ 中的图表用于趋势展示。
A8: 6) 若文件名或结构不同，请按上述规范调整年度工作簿，或在 ‘汇总’ 中手动修改对应公式。

Sheet 汇总
B1: 贷款总额 | G1: 逾期 | L1: 不良 | Q1: 关注 | V1: 新发生不良 | AA1: 逾期率 | AF1: 不良率 | AK1: 关注率
A2: 银行 | B2: 2020 | C2: 2021 | D2: 2022 | E2: 2023 | F2: 2024 | G2: 2020 | H2: 2021 | I2: 2022 | J2: 2023 | K2: 2024 | L2: 2020 | M2: 2021 | N2: 2022 | O2: 2023 | P2: 2024 | Q2: 2020 | R2: 2021 | S2: 2022 | T2: 2023 | U2: 2024 | V2: 2020 | W2: 2021 | X2: 2022 | Y2: 2023 | Z2: 2024 | AA2: 2020 | AB2: 2021 | AC2: 2022 | AD2: 2023 | AE2: 2024 | AF2: 2020 | AG2: 2021 | AH2: 2022 | AI2: 2023 | AJ2: 2024 | AK2: 2020 | AL2: 2021 | AM2: 2022 | AN2: 2023 | AO2: 2024
A3: =SORT(UNIQUE(VSTACK('[AQ_2020.xlsx]原始数据'!A:A,'[AQ_2021.xlsx]原始数据'!A:A,'[AQ_2022.xlsx]原始数据'!A:A,'[AQ_2023.xlsx]原始数据'!A:A,'[AQ_2024.xlsx]原始数据'!A:A))) | B3: =XLOOKUP($A3#,'[AQ_2020.xlsx]原始数据'!$A:$A,'[AQ_2020.xlsx]原始数据'!$B:$B,"") | C3: =XLOOKUP($A3#,'[AQ_2021.xlsx]原始数据'!$A:$A,'[AQ_2021.xlsx]原始数据'!$B:$B,"") | D3: =XLOOKUP($A3#,'[AQ_2022.xlsx]原始数据'!$A:$A,'[AQ_2022.xlsx]原始数据'!$B:$B,"") | E3: =XLOOKUP($A3#,'[AQ_2023.xlsx]原始数据'!$A:$A,'[AQ_2023.xlsx]原始数据'!$B:$B,"") | F3: =XLOOKUP($A3#,'[AQ_2024.xlsx]原始数据'!$A:$A,'[AQ_2024.xlsx]原始数据'!$B:$B,"") | G3: =XLOOKUP($A3#,'[AQ_2020.xlsx]原始数据'!$A:$A,'[AQ_2020.xlsx]原始数据'!$C:$C,"") | H3: =XLOOKUP($A3#,'[AQ_2021.xlsx]原始数据'!$A:$A,'[AQ_2021.xlsx]原始数据'!$C:$C,"") | I3: =XLOOKUP($A3#,'[AQ_2022.xlsx]原始数据'!$A:$A,'[AQ_2022.xlsx]原始数据'!$C:$C,"") | J3: =XLOOKUP($A3#,'[AQ_2023.xlsx]原始数据'!$A:$A,'[AQ_2023.xlsx]原始数据'!$C:$C,"") | K3: =XLOOKUP($A3#,'[AQ_2024.xlsx]原始数据'!$A:$A,'[AQ_2024.xlsx]原始数据'!$C:$C,"") | L3: =XLOOKUP($A3#,'[AQ_2020.xlsx]原始数据'!$A:$A,'[AQ_2020.xlsx]原始数据'!$D:$D,"") | M3: =XLOOKUP($A3#,'[AQ_2021.xlsx]原始数据'!$A:$A,'[AQ_2021.xlsx]原始数据'!$D:$D,"") | N3: =XLOOKUP($A3#,'[AQ_2022.xlsx]原始数据'!$A:$A,'[AQ_2022.xlsx]原始数据'!$D:$D,"") | O3: =XLOOKUP($A3#,'[AQ_2023.xlsx]原始数据'!$A:$A,'[AQ_2023.xlsx]原始数据'!$D:$D,"") | P3: =XLOOKUP($A3#,'[AQ_2024.xlsx]原始数据'!$A:$A,'[AQ_2024.xlsx]原始数据'!$D:$D,"") | Q3: =XLOOKUP($A3#,'[AQ_2020.xlsx]原始数据'!$A:$A,'[AQ_2020.xlsx]原始数据'!$E:$E,"") | R3: =XLOOKUP($A3#,'[AQ_2021.xlsx]原始数据'!$A:$A,'[AQ_2021.xlsx]原始数据'!$E:$E,"") | S3: =XLOOKUP($A3#,'[AQ_2022.xlsx]原始数据'!$A:$A,'[AQ_2022.xlsx]原始数据'!$E:$E,"") | T3: =XLOOKUP($A3#,'[AQ_2023.xlsx]原始数据'!$A:$A,'[AQ_2023.xlsx]原始数据'!$E:$E,"") | U3: =XLOOKUP($A3#,'[AQ_2024.xlsx]原始数据'!$A:$A,'[AQ_2024.xlsx]原始数据'!$E:$E,"") | V3: =XLOOKUP($A3#,'[AQ_2020.xlsx]原始数据'!$A:$A,'[AQ_2020.xlsx]原始数据'!$F:$F,"") | W3: =XLOOKUP($A3#,'[AQ_2021.xlsx]原始数据'!$A:$A,'[AQ_2021.xlsx]原始数据'!$F:$F,"") | X3: =XLOOKUP($A3#,'[AQ_2022.xlsx]原始数据'!$A:$A,'[AQ_2022.xlsx]原始数据'!$F:$F,"") | Y3: =XLOOKUP($A3#,'[AQ_2023.xlsx]原始数据'!$A:$A,'[AQ_2023.xlsx]原始数据'!$F:$F,"") | Z3: =XLOOKUP($A3#,'[AQ_2024.xlsx]原始数据'!$A:$A,'[AQ_2024.xlsx]原始数据'!$F:$F,"") | AA3: =IFERROR(G3#/B3#,"") | AB3: =IFERROR(H3#/C3#,"") | AC3: =IFERROR(I3#/D3#,"") | AD3: =IFERROR(J3#/E3#,"") | AE3: =IFERROR(K3#/F3#,"") | AF3: =IFERROR(L3#/B3#,"") | AG3: =IFERROR(M3#/C3#,"") | AH3: =IFERROR(N3#/D3#,"") | AI3: =IFERROR(O3#/E3#,"") | AJ3: =IFERROR(P3#/F3#,"") | AK3: =IFERROR(Q3#/B3#,"") | AL3: =IFERROR(R3#/C3#,"") | AM3: =IFERROR(S3#/D3#,"") | AN3: =IFERROR(T3#/E3#,"") | AO3: =IFERROR(U3#/F3#,"")

Sheet 趋势
A1: 指标/年份 | B1: 2020 | C1: 2021 | D1: 2022 | E1: 2023 | F1: 2024
A2: 贷款总额-合计 | B2: =SUM('汇总'!B3#) | C2: =SUM('汇总'!C3#) | D2: =SUM('汇总'!D3#) | E2: =SUM('汇总'!E3#) | F2: =SUM('汇总'!F3#)
A3: 逾期-合计 | B3: =SUM('汇总'!G3#) | C3: =SUM('汇总'!H3#) | D3: =SUM('汇总'!I3#) | E3: =SUM('汇总'!J3#) | F3: =SUM('汇总'!K3#)
A4: 不良-合计 | B4: =SUM('汇总'!L3#) | C4: =SUM('汇总'!M3#) | D4: =SUM('汇总'!N3#) | E4: =SUM('汇总'!O3#) | F4: =SUM('汇总'!P3#)
A5: 关注-合计 | B5: =SUM('汇总'!Q3#) | C5: =SUM('汇总'!R3#) | D5: =SUM('汇总'!S3#) | E5: =SUM('汇总'!T3#) | F5: =SUM('汇总'!U3#)
A6: 新发生不良-合计 | B6: =SUM('汇总'!V3#) | C6: =SUM('汇总'!W3#) | D6: =SUM('汇总'!X3#) | E6: =SUM('汇总'!Y3#) | F6: =SUM('汇总'!Z3#)
A7: 逾期率-合计 | B7: =IFERROR(SUM('汇总'!G3#)/SUM('汇总'!B3#),"") | C7: =IFERROR(SUM('汇总'!H3#)/SUM('汇总'!C3#),"") | D7: =IFERROR(SUM('汇总'!I3#)/SUM('汇总'!D3#),"") | E7: =IFERROR(SUM('汇总'!J3#)/SUM('汇总'!E3#),"") | F7: =IFERROR(SUM('汇总'!K3#)/SUM('汇总'!F3#),"")
A8: 不良率-合计 | B8: =IFERROR(SUM('汇总'!L3#)/SUM('汇总'!B3#),"") | C8: =IFERROR(SUM('汇总'!M3#)/SUM('汇总'!C3#),"") | D8: =IFERROR(SUM('汇总'!N3#)/SUM('汇总'!D3#),"") | E8: =IFERROR(SUM('汇总'!O3#)/SUM('汇总'!E3#),"") | F8: =IFERROR(SUM('汇总'!P3#)/SUM('汇总'!F3#),"")
A9: 关注率-合计 | B9: =IFERROR(SUM('汇总'!Q3#)/SUM('汇总'!B3#),"") | C9: =IFERROR(SUM('汇总'!R3#)/SUM('汇总'!C3#),"") | D9: =IFERROR(SUM('汇总'!S3#)/SUM('汇总'!D3#),"") | E9: =IFERROR(SUM('汇总'!T3#)/SUM('汇总'!E3#),"") | F9: =IFERROR(SUM('汇总'!U3#)/SUM('汇总'!F3#),"")

Sheet 原始数据模板
A1: 银行 | B1: 贷款总额 | C1: 逾期 | D1: 不良 | E1: 关注 | F1: 新发生不良
